{
  "si_sdr": 4.831481777355075,
  "pesq": 1.2294019627571107
}